source,operation,height,time
old,create,2,0.2751598358154297
old,sign,2,0.001260995864868164
old,verify,2,0.0022101049423217775
old,create,3,1.2478241920471191
old,sign,3,0.0013649463653564453
old,verify,3,0.010343015193939209
