source,operation,height,time
new2,create,2,0.00928950309753418
new2,sign,2,0.010447978973388672
new2,verify,2,0.0011997952461242675
new2,create,3,0.016637563705444336
new2,sign,3,0.017447471618652344
new2,verify,3,0.0011036155223846436
