source,operation,height,time
new,create,2,0.009270429611206055
new,sign,2,0.010435819625854492
new,verify,2,0.001200753927230835
new,create,3,0.016644716262817383
new,sign,3,0.017476558685302734
new,verify,3,0.001102104902267456
